Symbol,Rank,Close,Score,Price_Date,Price_Revision,Constituent_Revision
CUPID,1,324.20001220703125,4.043,2026-10-06,9f51df58606b415b95cb47432f8815fb,06afd4354bd9473f9f88d67d732e2d12
SHILPAMED,2,1073.699951171875,3.94325,2026-10-06,9f51df58606b415b95cb47432f8815fb,06afd4354bd9473f9f88d67d732e2d12
LAURUSLABS,3,2050.0,3.76375,2026-10-06,9f51df58606b415b95cb47432f8815fb,06afd4354bd9473f9f88d67d732e2d12
SHREEJISPG,4,796.5,3.71875,2026-10-06,9f51df58606b415b95cb47432f8815fb,06afd4354bd9473f9f88d67d732e2d12
WELCORP,5,2660.89990234375,3.62475,2026-10-06,9f51df58606b415b95cb47432f8815fb,06afd4354bd9473f9f88d67d732e2d12
DIVISLAB,6,9550.0,3.2925,2026-10-06,9f51df58606b415b95cb47432f8815fb,06afd4354bd9473f9f88d67d732e2d12
DIACABS,7,368.2999877929688,3.22375,2026-10-06,9f51df58606b415b95cb47432f8815fb,06afd4354bd9473f9f88d67d732e2d12
HFCL,8,262.7799987792969,3.0500000000000003,2026-10-06,9f51df58606b415b95cb47432f8815fb,06afd4354bd9473f9f88d67d732e2d12
WELSPUNLIV,9,237.8600006103516,2.94175,2026-10-06,9f51df58606b415b95cb47432f8815fb,06afd4354bd9473f9f88d67d732e2d12
SKYGOLD,10,857.6500244140625,2.8767500000000004,2026-10-06,9f51df58606b415b95cb47432f8815fb,06afd4354bd9473f9f88d67d732e2d12
SANSERA,11,4232.89990234375,2.69275,2026-10-06,9f51df58606b415b95cb47432f8815fb,06afd4354bd9473f9f88d67d732e2d12
SONACOMS,12,820.0,2.60825,2026-10-06,9f51df58606b415b95cb47432f8815fb,06afd4354bd9473f9f88d67d732e2d12
CPPLUS,13,3976.0,2.59675,2026-10-06,9f51df58606b415b95cb47432f8815fb,06afd4354bd9473f9f88d67d732e2d12
RRKABEL,14,2789.699951171875,2.5295,2026-10-06,9f51df58606b415b95cb47432f8815fb,06afd4354bd9473f9f88d67d732e2d12
SAILIFE,15,1558.0999755859375,2.4545,2026-10-06,9f51df58606b415b95cb47432f8815fb,06afd4354bd9473f9f88d67d732e2d12
LOTUSDEV,16,244.72999572753903,2.4522500000000003,2026-10-06,9f51df58606b415b95cb47432f8815fb,06afd4354bd9473f9f88d67d732e2d12
EMIL,17,201.4199981689453,2.412,2026-10-06,9f51df58606b415b95cb47432f8815fb,06afd4354bd9473f9f88d67d732e2d12
REDINGTON,18,405.7000122070313,2.41025,2026-10-06,9f51df58606b415b95cb47432f8815fb,06afd4354bd9473f9f88d67d732e2d12
AEROFLEX,19,560.75,2.401,2026-10-06,9f51df58606b415b95cb47432f8815fb,06afd4354bd9473f9f88d67d732e2d12
AKUMS,20,814.6500244140625,2.3825,2026-10-06,9f51df58606b415b95cb47432f8815fb,06afd4354bd9473f9f88d67d732e2d12
AVALON,21,2400.39990234375,2.38125,2026-10-06,9f51df58606b415b95cb47432f8815fb,06afd4354bd9473f9f88d67d732e2d12
PAISALO,22,83.0999984741211,2.3745,2026-10-06,9f51df58606b415b95cb47432f8815fb,06afd4354bd9473f9f88d67d732e2d12
MBAPL,23,166.9499969482422,2.3525,2026-10-06,9f51df58606b415b95cb47432f8815fb,06afd4354bd9473f9f88d67d732e2d12
GLAND,24,3006.10009765625,2.34925,2026-10-06,9f51df58606b415b95cb47432f8815fb,06afd4354bd9473f9f88d67d732e2d12
FINCABLES,25,1474.0,2.29,2026-10-06,9f51df58606b415b95cb47432f8815fb,06afd4354bd9473f9f88d67d732e2d12
TDPOWERSYS,26,816.0,2.287,2026-10-06,9f51df58606b415b95cb47432f8815fb,06afd4354bd9473f9f88d67d732e2d12
AETHER,27,1799.800048828125,2.2715,2026-10-06,9f51df58606b415b95cb47432f8815fb,06afd4354bd9473f9f88d67d732e2d12
KMEW,28,3202.300048828125,2.223,2026-10-06,9f51df58606b415b95cb47432f8815fb,06afd4354bd9473f9f88d67d732e2d12
ACMESOLAR,29,448.2000122070313,2.202,2026-10-06,9f51df58606b415b95cb47432f8815fb,06afd4354bd9473f9f88d67d732e2d12
SUNFLAG,30,459.0499877929688,2.2015,2026-10-06,9f51df58606b415b95cb47432f8815fb,06afd4354bd9473f9f88d67d732e2d12
QPOWER,31,1648.800048828125,2.20075,2026-10-06,9f51df58606b415b95cb47432f8815fb,06afd4354bd9473f9f88d67d732e2d12
KTKBANK,32,324.25,2.1775,2026-10-06,9f51df58606b415b95cb47432f8815fb,06afd4354bd9473f9f88d67d732e2d12
AZAD,33,3062.60009765625,2.11475,2026-10-06,9f51df58606b415b95cb47432f8815fb,06afd4354bd9473f9f88d67d732e2d12
BHEL,34,452.0,2.018,2026-10-06,9f51df58606b415b95cb47432f8815fb,06afd4354bd9473f9f88d67d732e2d12
MARKSANS,35,324.3999938964844,2.017,2026-10-06,9f51df58606b415b95cb47432f8815fb,06afd4354bd9473f9f88d67d732e2d12
RADICO,36,4460.10009765625,2.0135,2026-10-06,9f51df58606b415b95cb47432f8815fb,06afd4354bd9473f9f88d67d732e2d12
MTARTECH,37,7718.5,2.0107500000000003,2026-10-06,9f51df58606b415b95cb47432f8815fb,06afd4354bd9473f9f88d67d732e2d12
NAZARA,38,379.5499877929688,1.99675,2026-10-06,9f51df58606b415b95cb47432f8815fb,06afd4354bd9473f9f88d67d732e2d12
PGIL,39,1266.699951171875,1.98375,2026-10-06,9f51df58606b415b95cb47432f8815fb,06afd4354bd9473f9f88d67d732e2d12
GNFC,40,629.5,1.97425,2026-10-06,9f51df58606b415b95cb47432f8815fb,06afd4354bd9473f9f88d67d732e2d12
ENGINERSIN,41,313.29998779296875,1.95925,2026-10-06,9f51df58606b415b95cb47432f8815fb,06afd4354bd9473f9f88d67d732e2d12
QUESS,42,334.45001220703125,1.9555,2026-10-06,9f51df58606b415b95cb47432f8815fb,06afd4354bd9473f9f88d67d732e2d12
LALPATHLAB,43,1964.199951171875,1.887,2026-10-06,9f51df58606b415b95cb47432f8815fb,06afd4354bd9473f9f88d67d732e2d12
PRECWIRE,44,515.1500244140625,1.87375,2026-10-06,9f51df58606b415b95cb47432f8815fb,06afd4354bd9473f9f88d67d732e2d12
YATHARTH,45,1058.800048828125,1.84775,2026-10-06,9f51df58606b415b95cb47432f8815fb,06afd4354bd9473f9f88d67d732e2d12
ACE,46,1252.199951171875,1.77725,2026-10-06,9f51df58606b415b95cb47432f8815fb,06afd4354bd9473f9f88d67d732e2d12
CHENNPETRO,47,1405.699951171875,1.76625,2026-10-06,9f51df58606b415b95cb47432f8815fb,06afd4354bd9473f9f88d67d732e2d12
AUROPHARMA,48,1692.800048828125,1.7545,2026-10-06,9f51df58606b415b95cb47432f8815fb,06afd4354bd9473f9f88d67d732e2d12
THELEELA,49,582.7000122070312,1.7435,2026-10-06,9f51df58606b415b95cb47432f8815fb,06afd4354bd9473f9f88d67d732e2d12
WELENT,50,718.2999877929688,1.74325,2026-10-06,9f51df58606b415b95cb47432f8815fb,06afd4354bd9473f9f88d67d732e2d12
BLUESTONE,51,813.8499755859375,1.741,2026-10-06,9f51df58606b415b95cb47432f8815fb,06afd4354bd9473f9f88d67d732e2d12
GRAPHITE,52,851.2000122070312,1.7342499999999998,2026-10-06,9f51df58606b415b95cb47432f8815fb,06afd4354bd9473f9f88d67d732e2d12
MCX,53,3310.0,1.72975,2026-10-06,9f51df58606b415b95cb47432f8815fb,06afd4354bd9473f9f88d67d732e2d12
NAVINFLUOR,54,8536.0,1.7235,2026-10-06,9f51df58606b415b95cb47432f8815fb,06afd4354bd9473f9f88d67d732e2d12
PAYTM,55,1694.0,1.7055,2026-10-06,9f51df58606b415b95cb47432f8815fb,06afd4354bd9473f9f88d67d732e2d12
KRN,56,1462.300048828125,1.697,2026-10-06,9f51df58606b415b95cb47432f8815fb,06afd4354bd9473f9f88d67d732e2d12
IPCALAB,57,1945.5,1.69175,2026-10-06,9f51df58606b415b95cb47432f8815fb,06afd4354bd9473f9f88d67d732e2d12
MANORAMA,58,1985.5999755859373,1.657,2026-10-06,9f51df58606b415b95cb47432f8815fb,06afd4354bd9473f9f88d67d732e2d12
CARBORUNIV,59,1269.5999755859375,1.65475,2026-10-06,9f51df58606b415b95cb47432f8815fb,06afd4354bd9473f9f88d67d732e2d12
EBGNG,60,685.1500244140625,1.65325,2026-10-06,9f51df58606b415b95cb47432f8815fb,06afd4354bd9473f9f88d67d732e2d12
HONASA,61,478.2999877929688,1.62675,2026-10-06,9f51df58606b415b95cb47432f8815fb,06afd4354bd9473f9f88d67d732e2d12
PARAS,62,1323.300048828125,1.6205,2026-10-06,9f51df58606b415b95cb47432f8815fb,06afd4354bd9473f9f88d67d732e2d12
MOTHERSON,63,160.0,1.60175,2026-10-06,9f51df58606b415b95cb47432f8815fb,06afd4354bd9473f9f88d67d732e2d12
ANTHEM,64,890.3499755859375,1.57575,2026-10-06,9f51df58606b415b95cb47432f8815fb,06afd4354bd9473f9f88d67d732e2d12
RBA,65,95.0999984741211,1.5745,2026-10-06,9f51df58606b415b95cb47432f8815fb,06afd4354bd9473f9f88d67d732e2d12
RBLBANK,66,414.5,1.572,2026-10-06,9f51df58606b415b95cb47432f8815fb,06afd4354bd9473f9f88d67d732e2d12
BALRAMCHIN,67,691.2999877929688,1.57175,2026-10-06,9f51df58606b415b95cb47432f8815fb,06afd4354bd9473f9f88d67d732e2d12
ANANDRATHI,68,2142.0,1.56325,2026-10-06,9f51df58606b415b95cb47432f8815fb,06afd4354bd9473f9f88d67d732e2d12
ATLANTAELE,69,1869.300048828125,1.5625,2026-10-06,9f51df58606b415b95cb47432f8815fb,06afd4354bd9473f9f88d67d732e2d12
TI,70,547.7999877929688,1.538,2026-10-06,9f51df58606b415b95cb47432f8815fb,06afd4354bd9473f9f88d67d732e2d12
JYOTICNC,71,1073.0999755859375,1.52875,2026-10-06,9f51df58606b415b95cb47432f8815fb,06afd4354bd9473f9f88d67d732e2d12
SENORES,72,1388.5999755859375,1.52525,2026-10-06,9f51df58606b415b95cb47432f8815fb,06afd4354bd9473f9f88d67d732e2d12
PVRINOX,73,1249.4000244140625,1.50125,2026-10-06,9f51df58606b415b95cb47432f8815fb,06afd4354bd9473f9f88d67d732e2d12
SOLARINDS,74,20071.0,1.48575,2026-10-06,9f51df58606b415b95cb47432f8815fb,06afd4354bd9473f9f88d67d732e2d12
AARTIPHARM,75,975.0,1.4585,2026-10-06,9f51df58606b415b95cb47432f8815fb,06afd4354bd9473f9f88d67d732e2d12
INOXINDIA,76,2077.300048828125,1.453,2026-10-06,9f51df58606b415b95cb47432f8815fb,06afd4354bd9473f9f88d67d732e2d12
COFORGE,77,1849.699951171875,1.405,2026-10-06,9f51df58606b415b95cb47432f8815fb,06afd4354bd9473f9f88d67d732e2d12
SHAILY,78,3100.300048828125,1.39,2026-10-06,9f51df58606b415b95cb47432f8815fb,06afd4354bd9473f9f88d67d732e2d12
JSWINFRA,79,363.0499877929688,1.331,2026-10-06,9f51df58606b415b95cb47432f8815fb,06afd4354bd9473f9f88d67d732e2d12
GESHIP,80,1532.5999755859375,1.31425,2026-10-06,9f51df58606b415b95cb47432f8815fb,06afd4354bd9473f9f88d67d732e2d12
ABDL,81,714.6500244140625,1.283,2026-10-06,9f51df58606b415b95cb47432f8815fb,06afd4354bd9473f9f88d67d732e2d12
RAIN,82,212.6300048828125,1.2715,2026-10-06,9f51df58606b415b95cb47432f8815fb,06afd4354bd9473f9f88d67d732e2d12
MSTCLTD,83,714.2999877929688,1.26025,2026-10-06,9f51df58606b415b95cb47432f8815fb,06afd4354bd9473f9f88d67d732e2d12
ACUTAAS,84,3156.699951171875,1.25475,2026-10-06,9f51df58606b415b95cb47432f8815fb,06afd4354bd9473f9f88d67d732e2d12
CEIGALL,85,376.2000122070313,1.224,2026-10-06,9f51df58606b415b95cb47432f8815fb,06afd4354bd9473f9f88d67d732e2d12
HSCL,86,668.5499877929688,1.218,2026-10-06,9f51df58606b415b95cb47432f8815fb,06afd4354bd9473f9f88d67d732e2d12
GRANULES,87,836.4000244140625,1.18475,2026-10-06,9f51df58606b415b95cb47432f8815fb,06afd4354bd9473f9f88d67d732e2d12
JINDALSAW,88,282.3999938964844,1.183,2026-10-06,9f51df58606b415b95cb47432f8815fb,06afd4354bd9473f9f88d67d732e2d12
APLAPOLLO,89,2152.0,1.16425,2026-10-06,9f51df58606b415b95cb47432f8815fb,06afd4354bd9473f9f88d67d732e2d12
KPIL,90,1451.5,1.155,2026-10-06,9f51df58606b415b95cb47432f8815fb,06afd4354bd9473f9f88d67d732e2d12
EMCURE,91,1922.4000244140625,1.1535,2026-10-06,9f51df58606b415b95cb47432f8815fb,06afd4354bd9473f9f88d67d732e2d12
LLOYDSME,92,1858.199951171875,1.1485,2026-10-06,9f51df58606b415b95cb47432f8815fb,06afd4354bd9473f9f88d67d732e2d12
SIEMENS,93,3854.0,1.1485,2026-10-06,9f51df58606b415b95cb47432f8815fb,06afd4354bd9473f9f88d67d732e2d12
SAREGAMA,94,503.7000122070313,1.1385,2026-10-06,9f51df58606b415b95cb47432f8815fb,06afd4354bd9473f9f88d67d732e2d12
SUNTV,95,632.0999755859375,1.12725,2026-10-06,9f51df58606b415b95cb47432f8815fb,06afd4354bd9473f9f88d67d732e2d12
APOLLO,96,408.0499877929688,1.1065,2026-10-06,9f51df58606b415b95cb47432f8815fb,06afd4354bd9473f9f88d67d732e2d12
MIDHANI,97,462.3500061035156,1.09275,2026-10-06,9f51df58606b415b95cb47432f8815fb,06afd4354bd9473f9f88d67d732e2d12
EDELWEISS,98,135.52999877929688,1.07275,2026-10-06,9f51df58606b415b95cb47432f8815fb,06afd4354bd9473f9f88d67d732e2d12
KARURVYSYA,99,325.20001220703125,1.06925,2026-10-06,9f51df58606b415b95cb47432f8815fb,06afd4354bd9473f9f88d67d732e2d12
ZYDUSLIFE,100,1159.5,1.0485,2026-10-06,9f51df58606b415b95cb47432f8815fb,06afd4354bd9473f9f88d67d732e2d12
SOUTHBANK,101,47.22999954223633,1.02575,2026-10-06,9f51df58606b415b95cb47432f8815fb,06afd4354bd9473f9f88d67d732e2d12
ABB,102,7122.5,1.0157500000000002,2026-10-06,9f51df58606b415b95cb47432f8815fb,06afd4354bd9473f9f88d67d732e2d12
GPPL,103,168.2100067138672,1.005,2026-10-06,9f51df58606b415b95cb47432f8815fb,06afd4354bd9473f9f88d67d732e2d12
FEDERALBNK,104,320.0,0.98325,2026-10-06,9f51df58606b415b95cb47432f8815fb,06afd4354bd9473f9f88d67d732e2d12
BELRISE,105,236.80999755859372,0.9815,2026-10-06,9f51df58606b415b95cb47432f8815fb,06afd4354bd9473f9f88d67d732e2d12
CGPOWER,106,912.0,0.97725,2026-10-06,9f51df58606b415b95cb47432f8815fb,06afd4354bd9473f9f88d67d732e2d12
AEGISVOPAK,107,293.3500061035156,0.9665,2026-10-06,9f51df58606b415b95cb47432f8815fb,06afd4354bd9473f9f88d67d732e2d12
ELGIEQUIP,108,599.25,0.96125,2026-10-06,9f51df58606b415b95cb47432f8815fb,06afd4354bd9473f9f88d67d732e2d12
IIFL,109,601.7000122070312,0.934,2026-10-06,9f51df58606b415b95cb47432f8815fb,06afd4354bd9473f9f88d67d732e2d12
SUPRIYA,110,915.3499755859376,0.92225,2026-10-06,9f51df58606b415b95cb47432f8815fb,06afd4354bd9473f9f88d67d732e2d12
NUVAMA,111,1838.800048828125,0.9215,2026-10-06,9f51df58606b415b95cb47432f8815fb,06afd4354bd9473f9f88d67d732e2d12
KALYANKJIL,112,548.1500244140625,0.89775,2026-10-06,9f51df58606b415b95cb47432f8815fb,06afd4354bd9473f9f88d67d732e2d12
PNBHOUSING,113,1102.0999755859375,0.89575,2026-10-06,9f51df58606b415b95cb47432f8815fb,06afd4354bd9473f9f88d67d732e2d12
CARTRADE,114,2911.699951171875,0.894,2026-10-06,9f51df58606b415b95cb47432f8815fb,06afd4354bd9473f9f88d67d732e2d12
JAMNAAUTO,115,144.2100067138672,0.8895,2026-10-06,9f51df58606b415b95cb47432f8815fb,06afd4354bd9473f9f88d67d732e2d12
SAIL,116,178.10000610351562,0.866,2026-10-06,9f51df58606b415b95cb47432f8815fb,06afd4354bd9473f9f88d67d732e2d12
ADANIPORTS,117,1783.4000244140625,0.84975,2026-10-06,9f51df58606b415b95cb47432f8815fb,06afd4354bd9473f9f88d67d732e2d12
OFSS,118,10482.0,0.8467500000000001,2026-10-06,9f51df58606b415b95cb47432f8815fb,06afd4354bd9473f9f88d67d732e2d12
SCHNEIDER,119,1274.0,0.807,2026-10-06,9f51df58606b415b95cb47432f8815fb,06afd4354bd9473f9f88d67d732e2d12
PETRONET,120,297.5,0.804,2026-10-06,9f51df58606b415b95cb47432f8815fb,06afd4354bd9473f9f88d67d732e2d12
TVSMOTOR,121,3981.0,0.8029999999999999,2026-10-06,9f51df58606b415b95cb47432f8815fb,06afd4354bd9473f9f88d67d732e2d12
MAHABANK,122,80.80000305175781,0.78,2026-10-06,9f51df58606b415b95cb47432f8815fb,06afd4354bd9473f9f88d67d732e2d12
PFOCUS,123,292.70001220703125,0.7305,2026-10-06,9f51df58606b415b95cb47432f8815fb,06afd4354bd9473f9f88d67d732e2d12
RATEGAIN,124,854.4500122070312,0.724,2026-10-06,9f51df58606b415b95cb47432f8815fb,06afd4354bd9473f9f88d67d732e2d12
KRBL,125,389.1499938964844,0.714,2026-10-06,9f51df58606b415b95cb47432f8815fb,06afd4354bd9473f9f88d67d732e2d12
AARTIIND,126,481.1499938964844,0.7022499999999999,2026-10-06,9f51df58606b415b95cb47432f8815fb,06afd4354bd9473f9f88d67d732e2d12
CUB,127,223.75,0.6497499999999999,2026-10-06,9f51df58606b415b95cb47432f8815fb,06afd4354bd9473f9f88d67d732e2d12
STAR,128,1088.699951171875,0.6225,2026-10-06,9f51df58606b415b95cb47432f8815fb,06afd4354bd9473f9f88d67d732e2d12
ADANIPOWER,129,202.3999938964844,0.59375,2026-10-06,9f51df58606b415b95cb47432f8815fb,06afd4354bd9473f9f88d67d732e2d12
UJJIVANSFB,130,65.19000244140625,0.57775,2026-10-06,9f51df58606b415b95cb47432f8815fb,06afd4354bd9473f9f88d67d732e2d12
MINDACORP,131,659.5999755859375,0.57375,2026-10-06,9f51df58606b415b95cb47432f8815fb,06afd4354bd9473f9f88d67d732e2d12
ADANIENT,132,2849.89990234375,0.57275,2026-10-06,9f51df58606b415b95cb47432f8815fb,06afd4354bd9473f9f88d67d732e2d12
JAYNECOIND,133,94.4499969482422,0.55175,2026-10-06,9f51df58606b415b95cb47432f8815fb,06afd4354bd9473f9f88d67d732e2d12
GLENMARK,134,2311.0,0.54325,2026-10-06,9f51df58606b415b95cb47432f8815fb,06afd4354bd9473f9f88d67d732e2d12
TITAN,135,4550.0,0.52925,2026-10-06,9f51df58606b415b95cb47432f8815fb,06afd4354bd9473f9f88d67d732e2d12
TIPSMUSIC,136,653.0999755859375,0.5165,2026-10-06,9f51df58606b415b95cb47432f8815fb,06afd4354bd9473f9f88d67d732e2d12
JSWSTEEL,137,1259.5999755859375,0.4805,2026-10-06,9f51df58606b415b95cb47432f8815fb,06afd4354bd9473f9f88d67d732e2d12
PDSL,138,347.3999938964844,0.45475,2026-10-06,9f51df58606b415b95cb47432f8815fb,06afd4354bd9473f9f88d67d732e2d12
TECHM,139,1504.5,0.431,2026-10-06,9f51df58606b415b95cb47432f8815fb,06afd4354bd9473f9f88d67d732e2d12
ADANIGREEN,140,1313.0,0.32125,2026-10-06,9f51df58606b415b95cb47432f8815fb,06afd4354bd9473f9f88d67d732e2d12
ABSLAMC,141,1009.6500244140624,0.2319999999999999,2026-10-06,9f51df58606b415b95cb47432f8815fb,06afd4354bd9473f9f88d67d732e2d12
ADANIENSOL,142,1350.0999755859375,0.2234999999999999,2026-10-06,9f51df58606b415b95cb47432f8815fb,06afd4354bd9473f9f88d67d732e2d12
MANAPPURAM,143,310.20001220703125,0.12775,2026-10-06,9f51df58606b415b95cb47432f8815fb,06afd4354bd9473f9f88d67d732e2d12
OBEROIRLTY,144,1751.800048828125,0.1007499999999999,2026-10-06,9f51df58606b415b95cb47432f8815fb,06afd4354bd9473f9f88d67d732e2d12
EMBASSY,145,431.2099914550781,-0.0695,2026-10-06,9f51df58606b415b95cb47432f8815fb,06afd4354bd9473f9f88d67d732e2d12
ZYDUSWELL,146,502.3999938964844,-0.1885,2026-10-06,9f51df58606b415b95cb47432f8815fb,06afd4354bd9473f9f88d67d732e2d12
