symbol,screener_rank,export_sharpe,live_rank,reason,live_sharpe,local_screener_sharpe,live_volume,screen_volume,live_rows,screen_rows
CUPID,1,4.043,1.0,,4.043,4.043,20079675,20079675,2489,613
SHILPAMED,2,3.94325,2.0,,3.9432500000000004,3.9432500000000004,461564,461564,2493,613
LAURUSLABS,3,3.76375,3.0,,3.76375,3.76375,1658447,1658447,2427,613
SHREEJISPG,4,3.71875,,not_in_universe,3.71875,3.71875,809100,809100,280,280
WELCORP,5,3.62475,4.0,,3.6247499999999997,3.6247499999999997,620559,620559,2493,613
DIVISLAB,6,3.2925,5.0,,3.2925,3.2925,335351,335351,2492,612
DIACABS,7,3.22375,6.0,,3.22375,3.22375,1472151,1472151,2493,613
HFCL,8,3.0500000000000003,7.0,,3.05,3.05,17456106,17456106,2493,613
WELSPUNLIV,9,2.94175,8.0,,2.94175,2.94175,1888468,1888468,2493,613
SKYGOLD,10,2.8767500000000004,9.0,,2.8767500000000004,2.8767500000000004,738556,738556,929,613
UNIMECH,11,2.85,,not_in_universe,2.85,2.85,74190,74190,442,442
SANSERA,12,2.69275,10.0,,2.69275,2.69275,178622,178622,1249,613
SONACOMS,13,2.60825,11.0,,2.60825,2.60825,1690582,1690582,1312,613
CPPLUS,14,2.59675,12.0,,2.59675,2.59675,181346,181346,294,294
RRKABEL,15,2.5295,13.0,,2.5295,2.5295,269452,269452,754,612
SAILIFE,16,2.4545,14.0,,2.4545,2.4545,397467,397467,451,451
LOTUSDEV,17,2.4522500000000003,15.0,,2.45225,2.45225,798897,798897,293,293
EMIL,18,2.412,16.0,,2.412,2.412,709937,709937,986,613
REDINGTON,19,2.41025,17.0,,2.41025,2.41025,2656416,2656416,2493,613
AEROFLEX,20,2.401,,not_in_universe,2.4010000000000002,2.4010000000000002,1135431,1135431,545,501
AKUMS,21,2.3825,18.0,,2.3825000000000003,2.3825000000000003,161951,161951,540,540
AVALON,22,2.38125,19.0,,2.38125,2.38125,222379,222379,863,613
HAPPYFORGE,23,2.37525,,not_in_universe,2.3752499999999994,2.3752499999999994,56490,56490,691,501
PAISALO,24,2.3745,,not_in_universe,2.3745,2.3745,7121159,7121159,2493,501
MBAPL,25,2.3525,,not_in_universe,2.3525,2.3525,854247,854247,544,500
GLAND,26,2.34925,20.0,,2.34925,2.34925,150646,150646,1456,612
FINCABLES,27,2.29,21.0,,2.29,2.29,331584,331584,2492,612
TDPOWERSYS,28,2.287,22.0,,2.287,2.287,1814120,1814120,2493,613
APARINDS,29,2.2855,,low_volume,2.2855,2.2855,94360,94360,2493,613
AETHER,30,2.2715,23.0,,2.2715,2.2715,210580,210580,1078,613
KMEW,31,2.223,,not_in_universe,2.223,2.223,106776,106776,459,459
ENTERO,32,2.2182500000000003,,low_volume,2.2182500000000003,2.2182500000000003,89786,89786,653,610
ACMESOLAR,33,2.202,24.0,,2.202,2.202,1072164,1072164,474,474
SUNFLAG,34,2.2015,,not_in_universe,2.2015000000000002,2.2015000000000002,144624,144624,2493,501
QPOWER,35,2.20075,25.0,,2.20075,2.20075,374167,374167,402,402
DYNAMATECH,36,2.194,,low_volume,2.194,2.194,19652,19652,2492,612
KTKBANK,37,2.1775,26.0,,2.1775,2.1775,2275627,2275627,2493,613
AZAD,38,2.11475,28.0,,2.11475,2.11475,267109,267109,690,613
BHEL,39,2.018,29.0,,2.018,2.018,9168917,9168917,2493,613
MARKSANS,40,2.017,30.0,,2.017,2.017,1044133,1044133,2493,613
RADICO,41,2.0135,31.0,,2.0135,2.0135,302808,302808,2492,612
MTARTECH,42,2.0107500000000003,32.0,,2.01075,2.01075,324982,324982,1380,613
NAZARA,43,1.99675,33.0,,1.99675,1.99675,1570839,1570839,1369,612
PGIL,44,1.98375,34.0,,1.98375,1.98375,123004,123004,2493,613
GNFC,45,1.97425,35.0,,1.97425,1.97425,258670,258670,2493,613
NEOGEN,46,1.9695,,low_volume,1.9695,1.9695,78709,78709,1840,613
ENGINERSIN,47,1.95925,36.0,,1.95925,1.95925,2474645,2474645,2493,613
QUESS,48,1.9555,37.0,,1.9555000000000002,1.9555000000000002,296788,296788,2493,613
GRWRHITECH,49,1.909,,low_volume,1.9089999999999998,1.9089999999999998,51007,51007,1158,612
LALPATHLAB,50,1.887,38.0,,1.887,1.887,255514,255514,2492,612
PRECWIRE,51,1.87375,,not_in_universe,1.8737499999999998,1.8737499999999998,535103,535103,544,500
PTCIL,52,1.871,,low_volume,1.871,1.871,15021,15021,824,611
SUNDRMFAST,53,1.8485,,not_in_universe,1.8485000000000003,1.8485000000000003,63454,63454,2492,500
YATHARTH,54,1.84775,39.0,,1.8477500000000002,1.8477500000000002,340528,340528,786,613
CENTUM,55,1.80625,,not_in_universe,1.80625,1.80625,38856,38856,543,499
ACE,56,1.77725,41.0,,1.77725,1.77725,214080,214080,2493,613
CHENNPETRO,57,1.76625,42.0,,1.7662499999999999,1.7662499999999999,1367380,1367380,2493,613
AUROPHARMA,58,1.7545,43.0,,1.7545,1.7545,960673,960673,2492,612
THELEELA,59,1.7435,44.0,,1.7435,1.7435,257313,257313,337,337
WELENT,60,1.74325,45.0,,1.7432500000000002,1.7432500000000002,165876,165876,2492,612
BLUESTONE,61,1.741,46.0,,1.741,1.741,376730,376730,283,283
GRAPHITE,62,1.7342499999999998,47.0,,1.7342499999999998,1.7342499999999998,937607,937607,2493,613
MCX,63,1.73,48.0,,1.73,1.73,2589746,2589746,2493,613
NAVINFLUOR,64,1.7235,49.0,,1.7235,1.7235,131591,131591,2492,612
PAYTM,65,1.7055,50.0,,1.7054999999999998,1.7054999999999998,2518168,2518168,1212,613
AJANTPHARM,66,1.705,,low_volume,1.705,1.705,85682,85682,2491,611
KRN,67,1.697,51.0,,1.697,1.697,194681,194681,503,503
IPCALAB,68,1.69175,52.0,,1.6917499999999999,1.6917499999999999,178707,178707,2492,612
MANORAMA,69,1.657,53.0,,1.6569999999999998,1.6569999999999998,111585,111585,1058,613
CARBORUNIV,70,1.65475,54.0,,1.65475,1.65475,129204,129204,2491,611
EBGNG,71,1.65325,,not_in_universe,1.65325,1.65325,286073,286073,297,297
HONASA,72,1.62675,55.0,,1.62675,1.62675,667500,667500,722,611
PARAS,73,1.6205,56.0,,1.6205,1.6205,770781,770781,1244,613
MOTHERSON,74,1.60175,57.0,,1.60175,1.60175,14839434,14839434,2493,613
ANTHEM,75,1.57575,58.0,,1.5757499999999998,1.5757499999999998,332342,332342,305,305
RBA,76,1.5745,59.0,,1.5745000000000002,1.5745000000000002,2709908,2709908,1441,612
RBLBANK,77,1.572,60.0,,1.572,1.572,4391845,4391845,2493,613
BALRAMCHIN,78,1.57175,61.0,,1.5717500000000002,1.5717500000000002,450468,450468,2493,613
ANANDRATHI,79,1.56325,62.0,,1.56325,1.56325,326222,326222,1195,613
ATLANTAELE,80,1.5625,63.0,,1.5625,1.5625,120740,120740,256,256
CRAFTSMAN,81,1.553,,low_volume,1.5530000000000002,1.5530000000000002,33840,33840,1370,611
TI,82,1.538,64.0,,1.538,1.538,540146,540146,2493,613
JYOTICNC,83,1.52875,65.0,,1.52875,1.52875,533192,533192,677,613
SENORES,84,1.52525,,not_in_universe,1.52525,1.52525,208948,208948,443,443
PVRINOX,85,1.50125,66.0,,1.50125,1.50125,312185,312185,2492,612
SOLARINDS,86,1.48575,67.0,,1.4857500000000001,1.4857500000000001,114917,114917,2492,612
AARTIPHARM,87,1.4585,68.0,,1.4585,1.4585,172804,172804,914,613
INOXINDIA,88,1.453,69.0,,1.4529999999999998,1.4529999999999998,121914,121914,693,612
CAPLIPOINT,89,1.43675,,low_volume,1.43675,1.43675,70257,70257,2492,612
COFORGE,90,1.405,70.0,,1.405,1.405,2147701,2147701,2493,613
SHAILY,91,1.39,72.0,,1.3900000000000001,1.3900000000000001,187076,187076,1119,613
JSWINFRA,92,1.331,73.0,,1.3310000000000002,1.3310000000000002,1611437,1611437,748,612
GESHIP,93,1.31425,74.0,,1.31425,1.31425,462757,462757,2493,613
ABDL,94,1.283,75.0,,1.283,1.283,358255,358255,566,566
RAIN,95,1.2715,77.0,,1.2715,1.2715,3104024,3104024,2493,613
MSTCLTD,96,1.26025,78.0,,1.26025,1.26025,186013,186013,1862,612
ACUTAAS,97,1.25475,79.0,,1.25475,1.25475,321525,321525,1257,501
CEIGALL,98,1.224,,not_in_universe,1.224,1.224,276605,276605,539,499
HSCL,99,1.218,80.0,,1.218,1.218,2326220,2326220,2493,613
SHRIPISTON,100,1.2025,,low_volume,1.2025000000000001,1.2025000000000001,59620,59620,2492,612
GRANULES,101,1.18475,81.0,,1.1847500000000002,1.1847500000000002,773887,773887,2491,611
JINDALSAW,102,1.183,82.0,,1.183,1.183,1713189,1713189,2493,613
VOLTAMP,103,1.17675,,low_volume,1.17675,1.17675,33303,33303,2493,613
APLAPOLLO,104,1.16425,83.0,,1.16425,1.16425,553181,553181,2492,612
KPIL,105,1.155,84.0,,1.155,1.155,137868,137868,2491,610
EMCURE,106,1.1535,85.0,,1.1535,1.1535,139622,139622,560,560
LLOYDSME,107,1.1485,86.0,,1.1485,1.1485,377869,377869,801,613
SIEMENS,108,1.1485,87.0,,1.1485,1.1485,314242,314242,2492,612
SAREGAMA,109,1.1385,88.0,,1.1384999999999998,1.1384999999999998,396918,396918,2492,612
SUNTV,110,1.12725,89.0,,1.12725,1.12725,219087,219087,2492,612
BOSCHLTD,111,1.1155,,low_volume,1.1155,1.1155,24823,24823,2491,611
APOLLO,112,1.1065,90.0,,1.1064999999999998,1.1064999999999998,4717777,4717777,2154,613
MIDHANI,113,1.09275,91.0,,1.09275,1.09275,610600,610600,2107,613
EDELWEISS,114,1.07275,92.0,,1.07275,1.07275,3990491,3990491,2493,613
KARURVYSYA,115,1.06925,93.0,,1.06925,1.06925,2103755,2103755,2493,613
ZYDUSLIFE,116,1.0485,94.0,,1.0485,1.0485,815097,815097,2492,612
SOUTHBANK,117,1.02575,95.0,,1.02575,1.02575,15750201,15750201,2493,613
ABB,118,1.0157500000000002,96.0,,1.0157500000000002,1.0157500000000002,240244,240244,2493,613
GPPL,119,1.005,97.0,,1.0050000000000001,1.0050000000000001,1241488,1241488,2493,613
PRIVISCL,120,1.00375,,low_volume,1.0037500000000001,1.0037500000000001,73989,73989,2490,610
GRINDWELL,121,0.99,,low_volume,0.99,0.99,31427,31427,2491,499
FEDERALBNK,122,0.98325,98.0,,0.98325,0.98325,6729432,6729432,2493,613
BELRISE,123,0.9815,99.0,,0.9815,0.9815,3776575,3776575,343,343
CGPOWER,124,0.97725,100.0,,0.9772500000000001,0.9772500000000001,2574370,2574370,2493,613
AEGISVOPAK,125,0.9665,101.0,,0.9664999999999999,0.9664999999999999,671584,671584,340,340
ELGIEQUIP,126,0.96125,102.0,,0.96125,0.96125,341199,341199,2493,613
IIFL,127,0.934,103.0,,0.934,0.934,1515242,1515242,2492,612
SUPRIYA,128,0.92225,104.0,,0.9222500000000001,0.9222500000000001,190907,190907,1183,611
NUVAMA,129,0.9215,105.0,,0.9215,0.9215,373332,373332,751,612
KALYANKJIL,130,0.89775,106.0,,0.89775,0.89775,4271548,4271548,1371,613
PNBHOUSING,131,0.89575,107.0,,0.89575,0.89575,872623,872623,2456,613
CARTRADE,132,0.894,108.0,,0.8939999999999999,0.8939999999999999,317943,317943,1273,613
JAMNAAUTO,133,0.8895,109.0,,0.8895,0.8895,1923108,1923108,2493,613
SAIL,134,0.866,110.0,,0.8659999999999999,0.8659999999999999,18139461,18139461,2493,613
ADANIPORTS,135,0.84975,111.0,,0.84975,0.84975,1985580,1985580,2493,613
OFSS,136,0.8467500000000001,112.0,,0.8467500000000001,0.8467500000000001,164650,164650,2493,613
SCHNEIDER,137,0.807,113.0,,0.807,0.807,208698,208698,2493,613
PETRONET,138,0.804,114.0,,0.804,0.804,2003119,2003119,2492,612
TVSMOTOR,139,0.8029999999999999,115.0,,0.8029999999999999,0.8029999999999999,761767,761767,2493,613
MAHABANK,140,0.78,116.0,,0.78,0.78,15125719,15125719,2493,613
PFOCUS,141,0.7305,117.0,,0.7304999999999999,0.7304999999999999,2630521,2630521,2492,612
RATEGAIN,142,0.724,118.0,,0.724,0.724,305273,305273,1190,611
KRBL,143,0.714,119.0,,0.7140000000000001,0.7140000000000001,404910,404910,2492,612
ASAHIINDIA,144,0.7042499999999999,,low_volume,0.70425,0.70425,89132,89132,2492,612
AARTIIND,145,0.7022499999999999,120.0,,0.7022499999999999,0.7022499999999999,602886,602886,2493,613
CUB,146,0.6497499999999999,121.0,,0.6497499999999999,0.6497499999999999,2674634,2674634,2493,613
STAR,147,0.6225,122.0,,0.6225,0.6225,223376,223376,2492,612
ADANIPOWER,148,0.59375,123.0,,0.59375,0.59375,20966591,20966591,2493,613
UJJIVANSFB,149,0.57775,124.0,,0.57775,0.57775,11305957,11305957,1693,613
MINDACORP,150,0.57375,125.0,,0.57375,0.57375,248286,248286,2492,612
ADANIENT,151,0.57275,126.0,,0.57275,0.57275,1309356,1309356,2493,613
JAYNECOIND,152,0.55175,127.0,,0.55175,0.55175,4597560,4597560,2493,613
GLENMARK,153,0.54325,128.0,,0.54325,0.54325,516387,516387,2493,613
TITAN,154,0.52925,129.0,,0.52925,0.52925,764554,764554,2493,613
TIPSMUSIC,155,0.5165,130.0,,0.5165,0.5165,190165,190165,2492,612
JSWSTEEL,156,0.4805,131.0,,0.4805,0.4805,1406977,1406977,2493,613
RATNAMANI,157,0.46825,,low_volume,0.46825,0.46825,25726,25726,2491,499
PDSL,158,0.45475,,not_in_universe,0.45475000000000004,0.45475000000000004,114378,114378,2490,498
TECHM,159,0.431,132.0,,0.431,0.431,1822806,1822806,2493,613
ADANIGREEN,160,0.32125,133.0,,0.32125,0.32125,2198646,2198646,2055,613
ABSLAMC,161,0.2319999999999999,134.0,,0.23199999999999998,0.23199999999999998,237861,237861,1238,613
ADANIENSOL,162,0.2234999999999999,135.0,,0.22349999999999998,0.22349999999999998,1684920,1684920,2493,612
MANAPPURAM,163,0.12775,136.0,,0.12775000000000003,0.12775000000000003,3508082,3508082,2493,613
OBEROIRLTY,164,0.1007499999999999,137.0,,0.10074999999999999,0.10074999999999999,413578,413578,2491,611
EMBASSY,165,-0.0695,,not_in_universe,-0.06949999999999998,-0.06949999999999998,545740,545740,545,501
ZYDUSWELL,166,-0.1885,138.0,,-0.18850000000000003,-0.18850000000000003,205425,205425,2493,613
